<core:FragmentDefinition
	xmlns="sap.m"
	xmlns:core="sap.ui.core">
	<TableSelectDialog
		noDataText="No Accounts Found"
		title="Select Account No"
		liveChange="handleSearch"
		confirm="handleClose"
		cancel="handleClose"
		items="{
			path : '/ProductCollection',
			sorter : {
				path : 'ProductId',
				descending : false
			}
		}">
		<ColumnListItem>
			<cells>
				<ObjectIdentifier
					title="{ProductId}"
					text="{Name}" />
				<Text text="{SupplierName}" />
				<Text text="{Width} x {Depth} x {Height} {DimUnit}" />
				<Text
				text="{{WeightMeasure}"
					 />
				<Text text="{Price}"></Text>
					
					
			</cells>
		</ColumnListItem>
		<columns>
			<Column width="12em">
				<header>
					<Text text="Account No" />
				</header>
			</Column>
			<Column
				minScreenWidth="Tablet"
				demandPopin="true" >
				<header>
					<Text text="Supplier" />
				</header>
			</Column>
			<Column
				minScreenWidth="Tablet"
				demandPopin="true"
				hAlign="Right">
				<header>
					<Text text="Dimensions" />
				</header>
			</Column>
			<Column
				minScreenWidth="Tablet"
				demandPopin="true"
				hAlign="Center">
				<header>
					<Text text="Weight" />
				</header>
			</Column>
			<Column hAlign="Right">
				<header>
					<Text text="Product" />
				</header>
			</Column>
		</columns>
	</TableSelectDialog>
</core:FragmentDefinition>